modelo,epoca,train_loss,train_dice,val_loss,val_dice
unet_resnet34,1,0.6638357121117261,0.306084903780542,0.564537413277716,0.42054719047374883
unet_resnet34,2,0.5339265560617252,0.4476809628037124,0.47890739086663947,0.5100536882033888
unet_resnet34,3,0.45633096877409485,0.5185943393930033,0.43593795597553253,0.5164726001017217
unet_resnet34,4,0.4039924689093415,0.5749749484372192,0.41099681353793954,0.525835980536012
unet_resnet34,5,0.36375361127512795,0.6071783736487137,0.4072201083291252,0.5036209665660588
unet_resnet34,6,0.33856725783980623,0.6272605034125652,0.36467590675039113,0.5457357053275941
unet_resnet34,7,0.3138170284276106,0.6457756853023335,0.37080318860287936,0.5812649940852216
unet_resnet34,8,0.28243091696379136,0.6784158754713682,0.33625735272214097,0.6058117121124184
unet_resnet34,9,0.2789872839134567,0.6701975151250253,0.35117657876239633,0.5744048914397663
unet_resnet34,10,0.26030438229137537,0.6913605623484153,0.331279826895246,0.5650601331496014
unet_resnet34,11,0.2678807620795406,0.6734935636023934,0.3270138869026922,0.5820732314385614
unet_resnet34,12,0.24217765288693563,0.7007038219489765,0.3321957863726706,0.5653877988598257
unet_resnet34,13,0.22541459947824477,0.7228369923403525,0.31228007305905503,0.584268675471287
unetplusplus_resnet34,1,0.6319433518818447,0.3746353282246321,0.4940672556184373,0.5255810537744524
unetplusplus_resnet34,2,0.4932416578944849,0.5271370818895497,0.5263846719040061,0.5059135457465671
unetplusplus_resnet34,3,0.4258927733922491,0.5844352154061199,0.4905244932984406,0.48038291233236996
unetplusplus_resnet34,4,0.3784064891387005,0.6217344503853012,0.45408471659669336,0.5052019622822661
unetplusplus_resnet34,5,0.33996921114775597,0.6538049701373188,0.4175862641829365,0.5222492287471399
unetplusplus_resnet34,6,0.30719179441126027,0.6727646564912735,0.46798400243498245,0.5214431974402616
segformer_mit_b0,1,0.5733488288460945,0.4186512456456085,0.41518904690472586,0.5784500064811546
segformer_mit_b0,2,0.43192310242020354,0.5584134415538069,0.3785731384776673,0.6012525975414253
segformer_mit_b0,3,0.37185980026819265,0.59987084248949,0.30900721139502974,0.6354979927418754
segformer_mit_b0,4,0.331656313064147,0.6204670827676618,0.32676718145046596,0.5839380891510408
segformer_mit_b0,5,0.30387161808962726,0.6436263362629985,0.27914702568976385,0.6595930496696383
segformer_mit_b0,6,0.28152073865034144,0.6576413198898081,0.2893077407805425,0.6453208584900735
segformer_mit_b0,7,0.2688883286045522,0.6713204921237478,0.29428921892957866,0.6446784316816911
segformer_mit_b0,8,0.2526574049373062,0.6856699468121312,0.26904953397669884,0.655447745801143
segformer_mit_b0,9,0.24406659706514708,0.6931847645121874,0.28477664291858673,0.6436568239949784
segformer_mit_b0,10,0.22980584943172883,0.7059116389374344,0.2639570578511031,0.650374472721146
