modelo,id,organ,dice,iou,segundos,dispositivo
unet_resnet34,62,kidney,0.8027046322822571,0.6704316139221191,0.010533699998632073,NVIDIA GeForce RTX 4060 Laptop GPU
unet_resnet34,435,prostate,0.8524264693260193,0.7428076863288879,0.008329299991601147,NVIDIA GeForce RTX 4060 Laptop GPU
unet_resnet34,1157,kidney,0.9068368077278137,0.8295530080795288,0.011973000000580214,NVIDIA GeForce RTX 4060 Laptop GPU
unet_resnet34,2447,kidney,0.8078755736351013,0.6776772141456604,0.008353400000487454,NVIDIA GeForce RTX 4060 Laptop GPU
unet_resnet34,3057,spleen,0.0,0.0,0.012517299997853115,NVIDIA GeForce RTX 4060 Laptop GPU
unet_resnet34,3409,prostate,0.840114951133728,0.7243087887763977,0.009179000000585802,NVIDIA GeForce RTX 4060 Laptop GPU
unet_resnet34,3959,spleen,0.26068341732025146,0.1498769223690033,0.008987100009107962,NVIDIA GeForce RTX 4060 Laptop GPU
unet_resnet34,4944,prostate,0.3854563236236572,0.23874010145664215,0.00876599999901373,NVIDIA GeForce RTX 4060 Laptop GPU
unet_resnet34,5099,kidney,0.8903343081474304,0.8023446202278137,0.008368099996005185,NVIDIA GeForce RTX 4060 Laptop GPU
unet_resnet34,5932,prostate,0.43676263093948364,0.2793962359428406,0.009556199991493486,NVIDIA GeForce RTX 4060 Laptop GPU
unet_resnet34,6021,kidney,0.19474637508392334,0.10787757486104965,0.010017500011599623,NVIDIA GeForce RTX 4060 Laptop GPU
unet_resnet34,7569,kidney,0.677104651927948,0.5118353962898254,0.008204700003261678,NVIDIA GeForce RTX 4060 Laptop GPU
unet_resnet34,8222,largeintestine,0.6309269070625305,0.4608423709869385,0.010823700009495951,NVIDIA GeForce RTX 4060 Laptop GPU
unet_resnet34,8231,lung,0.09944751113653183,0.05232558026909828,0.008378000013181008,NVIDIA GeForce RTX 4060 Laptop GPU
unet_resnet34,8343,lung,0.020269477739930153,0.01023850403726101,0.01096529999631457,NVIDIA GeForce RTX 4060 Laptop GPU
unet_resnet34,8388,prostate,0.6411466002464294,0.4718291163444519,0.010713900002883747,NVIDIA GeForce RTX 4060 Laptop GPU
unet_resnet34,8502,kidney,0.9079002737998962,0.83133465051651,0.008529899991117418,NVIDIA GeForce RTX 4060 Laptop GPU
unet_resnet34,8752,largeintestine,0.67348313331604,0.507707953453064,0.008327900010044686,NVIDIA GeForce RTX 4060 Laptop GPU
unet_resnet34,10274,prostate,0.727703332901001,0.57196044921875,0.00818520000029821,NVIDIA GeForce RTX 4060 Laptop GPU
unet_resnet34,10666,prostate,0.6856171488761902,0.5216267108917236,0.009134499996434897,NVIDIA GeForce RTX 4060 Laptop GPU
unet_resnet34,10703,spleen,0.025419287383556366,0.01287325844168663,0.008665200002724305,NVIDIA GeForce RTX 4060 Laptop GPU
unet_resnet34,11645,spleen,0.03464542701840401,0.017628079280257225,0.009107899997616187,NVIDIA GeForce RTX 4060 Laptop GPU
unet_resnet34,11890,largeintestine,0.543032169342041,0.3727138638496399,0.009495999998762272,NVIDIA GeForce RTX 4060 Laptop GPU
unet_resnet34,12476,lung,0.08586342632770538,0.04485752433538437,0.008098999998765066,NVIDIA GeForce RTX 4060 Laptop GPU
unet_resnet34,13396,largeintestine,0.7282079458236694,0.5725841522216797,0.009678800008259714,NVIDIA GeForce RTX 4060 Laptop GPU
unet_resnet34,13507,largeintestine,0.6006343364715576,0.42921900749206543,0.007289799992577173,NVIDIA GeForce RTX 4060 Laptop GPU
unet_resnet34,13942,prostate,0.38683637976646423,0.2397998422384262,0.00832369999261573,NVIDIA GeForce RTX 4060 Laptop GPU
unet_resnet34,16659,prostate,0.5266028046607971,0.35740724205970764,0.008505799996783026,NVIDIA GeForce RTX 4060 Laptop GPU
unet_resnet34,19507,spleen,0.0,0.0,0.010698900005081668,NVIDIA GeForce RTX 4060 Laptop GPU
unet_resnet34,21129,kidney,0.8529055118560791,0.7435355186462402,0.007520800005295314,NVIDIA GeForce RTX 4060 Laptop GPU
unet_resnet34,21358,spleen,0.0,0.0,0.007387599995126948,NVIDIA GeForce RTX 4060 Laptop GPU
unet_resnet34,22059,prostate,0.6928197741508484,0.5300109386444092,0.007825399996363558,NVIDIA GeForce RTX 4060 Laptop GPU
unet_resnet34,22236,spleen,0.5994959473609924,0.4280572533607483,0.0171394000062719,NVIDIA GeForce RTX 4060 Laptop GPU
unet_resnet34,22544,kidney,0.6225515007972717,0.4519599378108978,0.017755499997292645,NVIDIA GeForce RTX 4060 Laptop GPU
unet_resnet34,23243,kidney,0.875748872756958,0.7789620161056519,0.017349199988530017,NVIDIA GeForce RTX 4060 Laptop GPU
unet_resnet34,24269,prostate,0.8855053782463074,0.7945353984832764,0.0124632999941241,NVIDIA GeForce RTX 4060 Laptop GPU
unet_resnet34,25516,lung,0.0,0.0,0.009833599993726239,NVIDIA GeForce RTX 4060 Laptop GPU
unet_resnet34,25689,largeintestine,0.7346855401992798,0.5806347131729126,0.00822360000165645,NVIDIA GeForce RTX 4060 Laptop GPU
unet_resnet34,27128,largeintestine,0.616987407207489,0.44611844420433044,0.0227143999945838,NVIDIA GeForce RTX 4060 Laptop GPU
unet_resnet34,27468,kidney,0.7986999154090881,0.6648629307746887,0.040965799998957664,NVIDIA GeForce RTX 4060 Laptop GPU
unet_resnet34,28126,spleen,0.0,0.0,0.011617899988777936,NVIDIA GeForce RTX 4060 Laptop GPU
unet_resnet34,28262,kidney,0.8561258316040039,0.7484440803527832,0.011354299989761785,NVIDIA GeForce RTX 4060 Laptop GPU
unet_resnet34,28429,lung,0.0,0.0,0.029055199993308634,NVIDIA GeForce RTX 4060 Laptop GPU
unet_resnet34,29180,largeintestine,0.6503323912620544,0.4818463623523712,0.01223510000272654,NVIDIA GeForce RTX 4060 Laptop GPU
unet_resnet34,29610,lung,0.0,0.0,0.01760669999930542,NVIDIA GeForce RTX 4060 Laptop GPU
unet_resnet34,30080,prostate,0.35409194231033325,0.21513471007347107,0.011022100006812252,NVIDIA GeForce RTX 4060 Laptop GPU
unet_resnet34,30224,kidney,0.742368757724762,0.5902912616729736,0.01347449999593664,NVIDIA GeForce RTX 4060 Laptop GPU
unet_resnet34,30394,lung,0.08980727195739746,0.04701476916670799,0.010795199996209703,NVIDIA GeForce RTX 4060 Laptop GPU
unet_resnet34,30414,prostate,0.14784280955791473,0.07982195913791656,0.013644899998325855,NVIDIA GeForce RTX 4060 Laptop GPU
unet_resnet34,30876,kidney,0.8136762976646423,0.6858804821968079,0.008302500005811453,NVIDIA GeForce RTX 4060 Laptop GPU
unet_resnet34,31406,largeintestine,0.7269915342330933,0.5710814595222473,0.023552100014057942,NVIDIA GeForce RTX 4060 Laptop GPU
unet_resnet34,32325,kidney,0.5228157043457031,0.3539271950721741,0.012539499992271885,NVIDIA GeForce RTX 4060 Laptop GPU
unet_resnet34,32741,prostate,0.8823444247245789,0.7894600629806519,0.011042099999031052,NVIDIA GeForce RTX 4060 Laptop GPU
unetplusplus_resnet34,62,kidney,0.5640756487846375,0.392831027507782,0.016948399992543273,NVIDIA GeForce RTX 4060 Laptop GPU
unetplusplus_resnet34,435,prostate,0.6042494177818298,0.43292075395584106,0.030306600005133078,NVIDIA GeForce RTX 4060 Laptop GPU
unetplusplus_resnet34,1157,kidney,0.5883248448371887,0.4167565703392029,0.03741980000631884,NVIDIA GeForce RTX 4060 Laptop GPU
unetplusplus_resnet34,2447,kidney,0.5955399870872498,0.42403486371040344,0.02525679999962449,NVIDIA GeForce RTX 4060 Laptop GPU
unetplusplus_resnet34,3057,spleen,0.2861476242542267,0.1669616550207138,0.026557200006209314,NVIDIA GeForce RTX 4060 Laptop GPU
unetplusplus_resnet34,3409,prostate,0.6061785221099854,0.43490397930145264,0.035600800008978695,NVIDIA GeForce RTX 4060 Laptop GPU
unetplusplus_resnet34,3959,spleen,0.41711974143981934,0.26351943612098694,0.07641140000487212,NVIDIA GeForce RTX 4060 Laptop GPU
unetplusplus_resnet34,4944,prostate,0.4097297787666321,0.25764790177345276,0.0516217999975197,NVIDIA GeForce RTX 4060 Laptop GPU
unetplusplus_resnet34,5099,kidney,0.833290696144104,0.7142230868339539,0.029598000008263625,NVIDIA GeForce RTX 4060 Laptop GPU
unetplusplus_resnet34,5932,prostate,0.6778517961502075,0.5126897096633911,0.04201639999519102,NVIDIA GeForce RTX 4060 Laptop GPU
unetplusplus_resnet34,6021,kidney,0.06066528707742691,0.0312814936041832,0.028337499999906868,NVIDIA GeForce RTX 4060 Laptop GPU
unetplusplus_resnet34,7569,kidney,0.5657379031181335,0.3944452404975891,0.026363600001786835,NVIDIA GeForce RTX 4060 Laptop GPU
unetplusplus_resnet34,8222,largeintestine,0.6977313160896301,0.5357813835144043,0.027662699998472817,NVIDIA GeForce RTX 4060 Laptop GPU
unetplusplus_resnet34,8231,lung,0.09783463180065155,0.051433295011520386,0.029380499996477738,NVIDIA GeForce RTX 4060 Laptop GPU
unetplusplus_resnet34,8343,lung,0.013650926761329174,0.00687237037345767,0.027682899992214516,NVIDIA GeForce RTX 4060 Laptop GPU
unetplusplus_resnet34,8388,prostate,0.5315755009651184,0.36200398206710815,0.020863500001723878,NVIDIA GeForce RTX 4060 Laptop GPU
unetplusplus_resnet34,8502,kidney,0.6443684697151184,0.47532713413238525,0.015150399995036423,NVIDIA GeForce RTX 4060 Laptop GPU
unetplusplus_resnet34,8752,largeintestine,0.6995285749435425,0.537903904914856,0.014900199996191077,NVIDIA GeForce RTX 4060 Laptop GPU
unetplusplus_resnet34,10274,prostate,0.7362109422683716,0.5825425982475281,0.015601999999489635,NVIDIA GeForce RTX 4060 Laptop GPU
unetplusplus_resnet34,10666,prostate,0.8258631825447083,0.7033790349960327,0.01546049999888055,NVIDIA GeForce RTX 4060 Laptop GPU
unetplusplus_resnet34,10703,spleen,0.2723208963871002,0.15762238204479218,0.014817099989159033,NVIDIA GeForce RTX 4060 Laptop GPU
unetplusplus_resnet34,11645,spleen,0.6514138579368591,0.4830346405506134,0.015000200000940822,NVIDIA GeForce RTX 4060 Laptop GPU
unetplusplus_resnet34,11890,largeintestine,0.7264772057533264,0.5704469680786133,0.01507609999680426,NVIDIA GeForce RTX 4060 Laptop GPU
unetplusplus_resnet34,12476,lung,0.05195559188723564,0.02667064033448696,0.014945899994927458,NVIDIA GeForce RTX 4060 Laptop GPU
unetplusplus_resnet34,13396,largeintestine,0.7226464748382568,0.5657371878623962,0.015243900008499622,NVIDIA GeForce RTX 4060 Laptop GPU
unetplusplus_resnet34,13507,largeintestine,0.624782919883728,0.45431584119796753,0.015789300014148466,NVIDIA GeForce RTX 4060 Laptop GPU
unetplusplus_resnet34,13942,prostate,0.5068323016166687,0.33943426609039307,0.015161699993768707,NVIDIA GeForce RTX 4060 Laptop GPU
unetplusplus_resnet34,16659,prostate,0.632603108882904,0.4626331627368927,0.017609299989999272,NVIDIA GeForce RTX 4060 Laptop GPU
unetplusplus_resnet34,19507,spleen,0.0,0.0,0.017838799991295673,NVIDIA GeForce RTX 4060 Laptop GPU
unetplusplus_resnet34,21129,kidney,0.701734721660614,0.540517270565033,0.016350000005331822,NVIDIA GeForce RTX 4060 Laptop GPU
unetplusplus_resnet34,21358,spleen,0.5293949246406555,0.3599843978881836,0.015987299993867055,NVIDIA GeForce RTX 4060 Laptop GPU
unetplusplus_resnet34,22059,prostate,0.3908844590187073,0.24291881918907166,0.01862950000213459,NVIDIA GeForce RTX 4060 Laptop GPU
unetplusplus_resnet34,22236,spleen,0.6531001329421997,0.4848913550376892,0.01992039999458939,NVIDIA GeForce RTX 4060 Laptop GPU
unetplusplus_resnet34,22544,kidney,0.1494818776845932,0.08077839016914368,0.017486400000052527,NVIDIA GeForce RTX 4060 Laptop GPU
unetplusplus_resnet34,23243,kidney,0.6885998249053955,0.5250875353813171,0.049617299999226816,NVIDIA GeForce RTX 4060 Laptop GPU
unetplusplus_resnet34,24269,prostate,0.854875922203064,0.7465356588363647,0.0834241000120528,NVIDIA GeForce RTX 4060 Laptop GPU
unetplusplus_resnet34,25516,lung,0.0,0.0,0.030612999995355494,NVIDIA GeForce RTX 4060 Laptop GPU
unetplusplus_resnet34,25689,largeintestine,0.7035000920295715,0.5426148772239685,0.02807710001070518,NVIDIA GeForce RTX 4060 Laptop GPU
unetplusplus_resnet34,27128,largeintestine,0.6281845569610596,0.4579220414161682,0.030054699993343093,NVIDIA GeForce RTX 4060 Laptop GPU
unetplusplus_resnet34,27468,kidney,0.4185180962085724,0.26463666558265686,0.029709300011745654,NVIDIA GeForce RTX 4060 Laptop GPU
unetplusplus_resnet34,28126,spleen,0.021478060632944107,0.010855608619749546,0.029900800000177696,NVIDIA GeForce RTX 4060 Laptop GPU
unetplusplus_resnet34,28262,kidney,0.48015159368515015,0.31592071056365967,0.02901850000489503,NVIDIA GeForce RTX 4060 Laptop GPU
unetplusplus_resnet34,28429,lung,0.24922463297843933,0.14235100150108337,0.024370300001464784,NVIDIA GeForce RTX 4060 Laptop GPU
unetplusplus_resnet34,29180,largeintestine,0.6781797409057617,0.513064980506897,0.061690100003033876,NVIDIA GeForce RTX 4060 Laptop GPU
unetplusplus_resnet34,29610,lung,0.0015556131256744266,0.0007784120389260352,0.04655869999260176,NVIDIA GeForce RTX 4060 Laptop GPU
unetplusplus_resnet34,30080,prostate,0.6974828243255615,0.5354884266853333,0.08020519999263342,NVIDIA GeForce RTX 4060 Laptop GPU
unetplusplus_resnet34,30224,kidney,0.7372440099716187,0.5838372707366943,0.09269630000926554,NVIDIA GeForce RTX 4060 Laptop GPU
unetplusplus_resnet34,30394,lung,0.015024077147245407,0.007568896282464266,0.07705150000401773,NVIDIA GeForce RTX 4060 Laptop GPU
unetplusplus_resnet34,30414,prostate,0.11505872011184692,0.061041008681058884,0.02588580000156071,NVIDIA GeForce RTX 4060 Laptop GPU
unetplusplus_resnet34,30876,kidney,0.2625292241573334,0.15109848976135254,0.029635500002768822,NVIDIA GeForce RTX 4060 Laptop GPU
unetplusplus_resnet34,31406,largeintestine,0.7049049735069275,0.5442882180213928,0.027344200003426522,NVIDIA GeForce RTX 4060 Laptop GPU
unetplusplus_resnet34,32325,kidney,0.2755689322948456,0.15980280935764313,0.051070700006675906,NVIDIA GeForce RTX 4060 Laptop GPU
unetplusplus_resnet34,32741,prostate,0.8703123331069946,0.770400881767273,0.0427915999898687,NVIDIA GeForce RTX 4060 Laptop GPU
segformer_mit_b0,62,kidney,0.6529577374458313,0.4847344160079956,0.030053599999519065,NVIDIA GeForce RTX 4060 Laptop GPU
segformer_mit_b0,435,prostate,0.8593729138374329,0.753421425819397,0.029836900008376688,NVIDIA GeForce RTX 4060 Laptop GPU
segformer_mit_b0,1157,kidney,0.839593768119812,0.7235342860221863,0.03170310000132304,NVIDIA GeForce RTX 4060 Laptop GPU
segformer_mit_b0,2447,kidney,0.8461732268333435,0.7333624362945557,0.009729999990668148,NVIDIA GeForce RTX 4060 Laptop GPU
segformer_mit_b0,3057,spleen,0.6298288702964783,0.45967167615890503,0.010756299991044216,NVIDIA GeForce RTX 4060 Laptop GPU
segformer_mit_b0,3409,prostate,0.8798364400863647,0.7854534983634949,0.00899339999887161,NVIDIA GeForce RTX 4060 Laptop GPU
segformer_mit_b0,3959,spleen,0.6719072461128235,0.5059189200401306,0.012657900006161071,NVIDIA GeForce RTX 4060 Laptop GPU
segformer_mit_b0,4944,prostate,0.3682308793067932,0.22566358745098114,0.009266099994420074,NVIDIA GeForce RTX 4060 Laptop GPU
segformer_mit_b0,5099,kidney,0.8683362007141113,0.7673093676567078,0.010051899997051805,NVIDIA GeForce RTX 4060 Laptop GPU
segformer_mit_b0,5932,prostate,0.7462987899780273,0.595276415348053,0.01131639999221079,NVIDIA GeForce RTX 4060 Laptop GPU
segformer_mit_b0,6021,kidney,0.4150943458080292,0.261904776096344,0.01003119999950286,NVIDIA GeForce RTX 4060 Laptop GPU
segformer_mit_b0,7569,kidney,0.8293116092681885,0.7083965539932251,0.009124200005317107,NVIDIA GeForce RTX 4060 Laptop GPU
segformer_mit_b0,8222,largeintestine,0.6611561179161072,0.49382615089416504,0.01292930000636261,NVIDIA GeForce RTX 4060 Laptop GPU
segformer_mit_b0,8231,lung,0.1476997584104538,0.0797385647892952,0.010881499998504296,NVIDIA GeForce RTX 4060 Laptop GPU
segformer_mit_b0,8343,lung,0.0,0.0,0.011428400001022965,NVIDIA GeForce RTX 4060 Laptop GPU
segformer_mit_b0,8388,prostate,0.5366812944412231,0.36675623059272766,0.01120910000463482,NVIDIA GeForce RTX 4060 Laptop GPU
segformer_mit_b0,8502,kidney,0.927318274974823,0.8644859790802002,0.011204099995666184,NVIDIA GeForce RTX 4060 Laptop GPU
segformer_mit_b0,8752,largeintestine,0.6364341378211975,0.46674251556396484,0.011095399997429922,NVIDIA GeForce RTX 4060 Laptop GPU
segformer_mit_b0,10274,prostate,0.8300089240074158,0.7094147205352783,0.010635400001774542,NVIDIA GeForce RTX 4060 Laptop GPU
segformer_mit_b0,10666,prostate,0.8466450572013855,0.7340715527534485,0.009830199996940792,NVIDIA GeForce RTX 4060 Laptop GPU
segformer_mit_b0,10703,spleen,0.8889464139938354,0.8000932335853577,0.00949860000400804,NVIDIA GeForce RTX 4060 Laptop GPU
segformer_mit_b0,11645,spleen,0.7653369903564453,0.6198752522468567,0.009065000005648471,NVIDIA GeForce RTX 4060 Laptop GPU
segformer_mit_b0,11890,largeintestine,0.7371450066566467,0.5837131142616272,0.009975799999665469,NVIDIA GeForce RTX 4060 Laptop GPU
segformer_mit_b0,12476,lung,0.26308655738830566,0.15146785974502563,0.012283599993679672,NVIDIA GeForce RTX 4060 Laptop GPU
segformer_mit_b0,13396,largeintestine,0.7499882578849792,0.5999850034713745,0.009542799991322681,NVIDIA GeForce RTX 4060 Laptop GPU
segformer_mit_b0,13507,largeintestine,0.7143678069114685,0.5556548833847046,0.009359599993331358,NVIDIA GeForce RTX 4060 Laptop GPU
segformer_mit_b0,13942,prostate,0.35364335775375366,0.21480362117290497,0.009355900008813478,NVIDIA GeForce RTX 4060 Laptop GPU
segformer_mit_b0,16659,prostate,0.7006630301475525,0.5392466187477112,0.009889100008876994,NVIDIA GeForce RTX 4060 Laptop GPU
segformer_mit_b0,19507,spleen,0.06307001411914825,0.03256184235215187,0.011245899993809871,NVIDIA GeForce RTX 4060 Laptop GPU
segformer_mit_b0,21129,kidney,0.874850332736969,0.7775413393974304,0.009482300010859035,NVIDIA GeForce RTX 4060 Laptop GPU
segformer_mit_b0,21358,spleen,0.42024776339530945,0.2660213112831116,0.012006299992208369,NVIDIA GeForce RTX 4060 Laptop GPU
segformer_mit_b0,22059,prostate,0.770537793636322,0.6267275214195251,0.010876200001803227,NVIDIA GeForce RTX 4060 Laptop GPU
segformer_mit_b0,22236,spleen,0.8353734612464905,0.7172886729240417,0.009513899989542551,NVIDIA GeForce RTX 4060 Laptop GPU
segformer_mit_b0,22544,kidney,0.7963685989379883,0.6616383194923401,0.012983300010091625,NVIDIA GeForce RTX 4060 Laptop GPU
segformer_mit_b0,23243,kidney,0.8985965251922607,0.8158649802207947,0.011519199993927032,NVIDIA GeForce RTX 4060 Laptop GPU
segformer_mit_b0,24269,prostate,0.8968703746795654,0.8130235075950623,0.010756899995612912,NVIDIA GeForce RTX 4060 Laptop GPU
segformer_mit_b0,25516,lung,0.00738700944930315,0.0037071972619742155,0.009809800001676194,NVIDIA GeForce RTX 4060 Laptop GPU
segformer_mit_b0,25689,largeintestine,0.7284769415855408,0.5729168057441711,0.00956380000570789,NVIDIA GeForce RTX 4060 Laptop GPU
segformer_mit_b0,27128,largeintestine,0.6173259019851685,0.4464724659919739,0.008993200011900626,NVIDIA GeForce RTX 4060 Laptop GPU
segformer_mit_b0,27468,kidney,0.8237331509590149,0.7002944350242615,0.009202000001096167,NVIDIA GeForce RTX 4060 Laptop GPU
segformer_mit_b0,28126,spleen,0.5395246744155884,0.3694171607494354,0.008882900001481175,NVIDIA GeForce RTX 4060 Laptop GPU
segformer_mit_b0,28262,kidney,0.8780019283294678,0.7825342416763306,0.010345900009269826,NVIDIA GeForce RTX 4060 Laptop GPU
segformer_mit_b0,28429,lung,0.30294865369796753,0.1785147339105606,0.010990800001309253,NVIDIA GeForce RTX 4060 Laptop GPU
segformer_mit_b0,29180,largeintestine,0.6837337613105774,0.5194494724273682,0.010610600002110004,NVIDIA GeForce RTX 4060 Laptop GPU
segformer_mit_b0,29610,lung,0.0,0.0,0.011281699989922345,NVIDIA GeForce RTX 4060 Laptop GPU
segformer_mit_b0,30080,prostate,0.6848771572113037,0.5207704305648804,0.00991480000084266,NVIDIA GeForce RTX 4060 Laptop GPU
segformer_mit_b0,30224,kidney,0.7483512759208679,0.5978924036026001,0.012316299995291047,NVIDIA GeForce RTX 4060 Laptop GPU
segformer_mit_b0,30394,lung,0.0,0.0,0.010559200003626756,NVIDIA GeForce RTX 4060 Laptop GPU
segformer_mit_b0,30414,prostate,0.102195605635643,0.053849391639232635,0.009816899997531436,NVIDIA GeForce RTX 4060 Laptop GPU
segformer_mit_b0,30876,kidney,0.9028571248054504,0.8229166865348816,0.009869299989077263,NVIDIA GeForce RTX 4060 Laptop GPU
segformer_mit_b0,31406,largeintestine,0.7315826416015625,0.5767680406570435,0.011409200000343844,NVIDIA GeForce RTX 4060 Laptop GPU
segformer_mit_b0,32325,kidney,0.8085853457450867,0.6786767244338989,0.009438799999770708,NVIDIA GeForce RTX 4060 Laptop GPU
segformer_mit_b0,32741,prostate,0.8432090878486633,0.7289208769798279,0.010260600000037812,NVIDIA GeForce RTX 4060 Laptop GPU
