id,organ,split
62,kidney,test
127,lung,train
144,spleen,train
164,kidney,train
203,largeintestine,train
351,largeintestine,train
435,prostate,test
660,kidney,train
676,largeintestine,train
686,lung,train
737,prostate,train
928,prostate,val
1123,spleen,train
1157,kidney,test
1168,largeintestine,train
1184,prostate,train
1220,lung,train
1229,prostate,train
1500,prostate,train
1690,prostate,val
1731,lung,train
1850,largeintestine,train
1878,lung,train
1955,prostate,train
2079,spleen,train
2174,prostate,train
2279,spleen,train
2344,kidney,train
2424,kidney,train
2447,kidney,test
2500,kidney,train
2668,kidney,val
2696,largeintestine,train
2793,lung,train
2874,kidney,train
2943,kidney,train
3054,spleen,train
3057,spleen,test
3083,kidney,val
3303,largeintestine,train
3409,prostate,test
3959,spleen,test
4062,largeintestine,train
4066,kidney,train
4265,kidney,train
4301,lung,train
4404,spleen,train
4412,lung,train
4561,largeintestine,train
4639,prostate,val
4658,prostate,train
4776,lung,train
4777,kidney,val
4802,prostate,train
4944,prostate,test
5086,lung,train
5099,kidney,test
5102,kidney,train
5287,prostate,val
5317,prostate,val
5552,lung,train
5583,spleen,train
5777,lung,train
5785,prostate,train
5832,largeintestine,train
5932,prostate,test
5995,prostate,train
6021,kidney,test
6120,prostate,train
6121,largeintestine,train
6318,kidney,val
6390,prostate,train
6611,largeintestine,val
6722,spleen,train
6730,prostate,train
6794,prostate,train
6807,kidney,train
7169,spleen,val
7359,lung,train
7397,prostate,train
7569,kidney,test
7706,prostate,train
7902,prostate,train
7970,kidney,train
8116,spleen,train
8151,lung,val
8222,largeintestine,test
8227,prostate,val
8231,lung,test
8343,lung,test
8388,prostate,test
8402,largeintestine,train
8450,largeintestine,val
8502,kidney,test
8638,prostate,train
8752,largeintestine,test
8842,prostate,train
8876,spleen,val
8894,spleen,train
9231,prostate,train
9358,prostate,train
9387,lung,val
9407,spleen,train
9437,kidney,val
9445,kidney,train
9450,lung,train
9453,spleen,train
9470,kidney,train
9517,kidney,train
9769,kidney,train
9777,largeintestine,train
9791,kidney,train
9904,largeintestine,train
10044,prostate,val
10274,prostate,test
10392,spleen,train
10488,lung,val
10610,spleen,train
10611,kidney,train
10651,largeintestine,train
10666,prostate,test
10703,spleen,test
10892,largeintestine,train
10912,prostate,train
10971,prostate,train
10992,spleen,train
11064,lung,train
11448,spleen,train
11497,kidney,val
11629,lung,train
11645,spleen,test
11662,largeintestine,train
11890,largeintestine,test
12026,spleen,val
12174,largeintestine,train
12233,prostate,train
12244,prostate,train
12452,lung,train
12466,spleen,train
12471,largeintestine,val
12476,lung,test
12483,spleen,train
12784,kidney,train
12827,lung,train
13034,kidney,train
13189,lung,train
13260,kidney,train
13396,largeintestine,test
13483,prostate,train
13507,largeintestine,test
13942,prostate,test
14183,largeintestine,train
14388,lung,train
14396,prostate,train
14407,prostate,train
14674,largeintestine,train
14756,kidney,train
15005,kidney,train
15067,lung,val
15124,lung,train
15192,kidney,train
15329,lung,val
15499,largeintestine,val
15551,spleen,val
15706,prostate,train
15732,prostate,val
15787,kidney,train
15842,largeintestine,train
15860,kidney,train
16149,prostate,val
16163,kidney,train
16214,kidney,train
16216,kidney,train
16362,kidney,val
16564,lung,train
16609,prostate,train
16659,prostate,test
16711,kidney,train
16728,largeintestine,train
16890,largeintestine,train
17126,largeintestine,train
17143,prostate,train
17187,prostate,train
17422,kidney,train
17455,prostate,train
17828,prostate,val
18121,kidney,train
18401,kidney,train
18422,prostate,train
18426,kidney,val
18445,largeintestine,val
18449,kidney,val
18777,kidney,train
18792,spleen,train
18900,largeintestine,train
19048,kidney,val
19084,prostate,train
19179,spleen,train
19360,spleen,train
19377,spleen,train
19507,spleen,test
19533,kidney,train
19569,prostate,train
19997,spleen,train
20247,prostate,train
20302,kidney,train
20428,prostate,train
20440,kidney,train
20478,kidney,train
20520,kidney,train
20563,lung,train
20794,kidney,val
20831,spleen,val
20955,prostate,train
21021,kidney,train
21039,largeintestine,train
21086,prostate,val
21112,kidney,train
21129,kidney,test
21155,prostate,train
21195,kidney,train
21321,kidney,train
21358,spleen,test
21501,largeintestine,train
21812,largeintestine,val
22016,prostate,train
22035,kidney,train
22059,prostate,test
22133,kidney,train
22236,spleen,test
22310,largeintestine,train
22544,kidney,test
22718,kidney,train
22741,kidney,train
22953,spleen,train
22995,prostate,train
23009,prostate,val
23051,kidney,train
23094,largeintestine,train
23243,kidney,test
23252,lung,train
23640,prostate,train
23665,kidney,train
23760,kidney,train
23828,prostate,train
23880,kidney,train
23959,prostate,train
23961,prostate,train
24097,kidney,train
24100,kidney,train
24194,prostate,train
24222,kidney,val
24241,kidney,train
24269,prostate,test
24522,kidney,val
24782,lung,train
24833,spleen,train
24961,prostate,train
25298,largeintestine,train
25430,prostate,train
25472,spleen,train
25516,lung,test
25620,kidney,train
25641,largeintestine,train
25689,largeintestine,test
25945,lung,train
26101,kidney,train
26174,kidney,train
26319,largeintestine,train
26480,lung,train
26664,spleen,val
26780,largeintestine,train
26886,largeintestine,train
26982,prostate,train
27128,largeintestine,test
27232,lung,train
27298,kidney,val
27340,largeintestine,val
27350,kidney,val
27468,kidney,test
27471,prostate,train
27587,largeintestine,val
27616,kidney,train
27781,spleen,train
27803,spleen,train
27861,largeintestine,train
27879,kidney,train
28045,largeintestine,train
28052,lung,val
28126,spleen,test
28189,lung,train
28262,kidney,test
28318,prostate,train
28429,lung,test
28436,kidney,train
28622,prostate,train
28657,spleen,train
28748,spleen,train
28791,largeintestine,train
28823,kidney,train
28940,kidney,train
28963,spleen,val
29143,spleen,train
29180,largeintestine,test
29213,prostate,train
29223,prostate,train
29238,kidney,train
29296,prostate,val
29307,prostate,train
29424,largeintestine,train
29610,lung,test
29690,spleen,train
29809,prostate,val
29820,largeintestine,val
30080,prostate,test
30084,lung,train
30194,kidney,train
30201,spleen,train
30224,kidney,test
30250,kidney,train
30294,prostate,train
30355,prostate,train
30394,lung,test
30414,prostate,test
30424,prostate,train
30474,kidney,train
30500,lung,train
30581,spleen,train
30765,prostate,train
30876,kidney,test
31139,lung,train
31290,spleen,train
31406,largeintestine,test
31571,lung,val
31675,spleen,val
31698,kidney,train
31709,kidney,train
31727,largeintestine,train
31733,spleen,train
31799,largeintestine,train
31800,lung,train
31898,prostate,train
31958,prostate,train
32009,prostate,train
32126,prostate,train
32151,lung,train
32231,spleen,train
32325,kidney,test
32412,prostate,train
32527,kidney,train
32741,prostate,test
